[
    {
        "pk": 1,
        "model": "sites.site",
        "fields": {
            "domain": "localhost:8000",
            "name": "localdomain"
        }
    },
    {
        "pk": 1,
        "model": "auth.user",
        "fields": {
            "username": "admin",
            "first_name": "Administrator",
            "last_name": "",
            "is_active": true,
            "is_superuser": true,
            "is_staff": true,
            "last_login": "2012-12-03T13:11:27.010",
            "groups": [
                1
            ],
            "user_permissions": [],
            "password": "pbkdf2_sha256$10000$CxlZp3kdlbgi$sh3tLncnAxKUA3/tDo+riAczBpsspIr/qJizuZUQamA=",
            "email": "admin@example.com",
            "date_joined": "2012-02-24T18:42:18"
        }
    },
    {
        "pk": 2,
        "model": "auth.user",
        "fields": {
            "username": "alice",
            "first_name": "Alice",
            "last_name": "Liddell",
            "is_active": true,
            "is_superuser": false,
            "is_staff": true,
            "last_login": "2012-07-02T00:21:52",
            "groups": [
                1
            ],
            "user_permissions": [
                59,
                56
            ],
            "password": "pbkdf2_sha256$10000$EftQ6Ie0sW5Q$Z0zmukFHrLwWv1hiR3UplWuFWCsKH5Bww538hhke+fc=",
            "email": "alice.liddell@example.com",
            "date_joined": "2012-07-02T00:21:52"
        }
    },
    {
        "pk": 3,
        "model": "auth.user",
        "fields": {
            "username": "bob",
            "first_name": "Bob",
            "last_name": "Ito",
            "is_active": true,
            "is_superuser": false,
            "is_staff": true,
            "last_login": "2012-07-02T00:21:52",
            "groups": [
                1
            ],
            "user_permissions": [],
            "password": "pbkdf2_sha256$10000$EftQ6Ie0sW5Q$Z0zmukFHrLwWv1hiR3UplWuFWCsKH5Bww538hhke+fc=",
            "email": "bob.ito@example.com",
            "date_joined": "2012-07-02T00:21:52"
        }
    },
    {
        "pk": 1,
        "model": "inline_media.inlinetype",
        "fields": {
            "content_type": 12,
            "title": "Picture"
        }
    },
    {
        "pk": 2,
        "model": "inline_media.inlinetype",
        "fields": {
            "content_type": 13,
            "title": "PictureSet"
        }
    },
    {
        "pk": 1,
        "model": "inline_media.pictureset",
        "fields": {
            "description": "Just an example photo set",
            "tags": "photos",
            "pictures": [
                13,
                14,
                15,
                16,
                17,
                18
            ],
            "title": "Photo Set 1",
            "cover": 13,
            "modified": "2012-12-03T13:45:20.770",
            "slug": "photo-set-1",
            "created": "2012-12-03T13:45:05.292",
            "order": "13,15,14,16,17,18"
        }
    },
    {
        "pk": 1,
        "model": "inline_media.picture",
        "fields": {
            "uploaded": "2012-12-03T13:34:41.356",
            "picture": "pictures/2012/Dec/03/wdr-3.png",
            "show_license": false,
            "description": "",
            "license": null,
            "author": "Jens Meiert",
            "tags": "comic",
            "modified": "2012-12-03T13:34:52.761",
            "show_as_link": true,
            "sha1": "cf694dd2ca090d8288c3f15186d2eb9f4d547dd2",
            "title": "HTML Genocide",
            "show_author": false
        }
    },
    {
        "pk": 2,
        "model": "inline_media.picture",
        "fields": {
            "uploaded": "2012-12-03T13:35:18.438",
            "picture": "pictures/2012/Dec/03/python-logo-master-v3-TM.png",
            "show_license": false,
            "description": "<a href=\"http://www.python.org\">Python Programming Language</a>",
            "license": null,
            "author": "",
            "tags": "creative-commons logo",
            "modified": "2012-12-03T14:16:34.606",
            "show_as_link": true,
            "sha1": "c8a756475599e6e3c904b24077b4b0a31983752c",
            "title": "Python",
            "show_author": false
        }
    },
    {
        "pk": 3,
        "model": "inline_media.picture",
        "fields": {
            "uploaded": "2012-12-03T13:35:45.929",
            "picture": "pictures/2012/Dec/03/django-logo-negative.png",
            "show_license": false,
            "description": "<a href=\"https://www.djangoproject.com/\">The Web Framework for perfectionists with deadlines</a>",
            "license": null,
            "author": "",
            "tags": "creative-commons logo",
            "modified": "2012-12-03T13:35:47.232",
            "show_as_link": true,
            "sha1": "4f1b7cc48fabc8730f5e8ec633f7ecc324c5f386",
            "title": "Django",
            "show_author": false
        }
    },
    {
        "pk": 4,
        "model": "inline_media.picture",
        "fields": {
            "uploaded": "2012-12-03T13:36:23.357",
            "picture": "pictures/2012/Dec/03/mozilla_wht.png",
            "show_license": false,
            "description": "<a href=\"http://www.mozilla.com/\">Mozilla</a>",
            "license": null,
            "author": "",
            "tags": "creative-commons logo",
            "modified": "2012-12-03T13:36:23.357",
            "show_as_link": true,
            "sha1": "9f8a7a44ee333b51343b2cf6c986d5f3066cff32",
            "title": "Mozilla",
            "show_author": false
        }
    },
    {
        "pk": 5,
        "model": "inline_media.picture",
        "fields": {
            "uploaded": "2012-12-03T13:37:15.654",
            "picture": "pictures/2012/Dec/03/newspaper-icon41.jpg",
            "show_license": false,
            "description": "<a href=\"https://wiki.ubuntu.com/UbuntuWeeklyNewsletter/\">Ubuntu Weekly Newsleeter</a>",
            "license": null,
            "author": "",
            "tags": "creative-commons",
            "modified": "2012-12-03T13:37:15.654",
            "show_as_link": true,
            "sha1": "9595c11af6128e9c33f74c66f08a10ac814b7266",
            "title": "Ubuntu Newsletter",
            "show_author": false
        }
    },
    {
        "pk": 6,
        "model": "inline_media.picture",
        "fields": {
            "uploaded": "2012-12-03T13:37:54.328",
            "picture": "pictures/2012/Dec/03/CCL_11.png",
            "show_license": false,
            "description": "<a href=\"http://creativecommons.org/licenses/by-sa/3.0/\">CC ShareAlike</a>",
            "license": null,
            "author": "",
            "tags": "creative-commons logo",
            "modified": "2012-12-03T13:37:54.328",
            "show_as_link": false,
            "sha1": "dbf59da03627b1c1aed30432a2467c245b8cfbf1",
            "title": "Creative Commons Attribution ShareAlike",
            "show_author": false
        }
    },
    {
        "pk": 7,
        "model": "inline_media.picture",
        "fields": {
            "uploaded": "2012-12-03T13:38:18.570",
            "picture": "pictures/2012/Dec/03/blackeubuntulogo.png",
            "show_license": false,
            "description": "",
            "license": null,
            "author": "",
            "tags": "creative-commons logo",
            "modified": "2012-12-03T13:38:18.570",
            "show_as_link": true,
            "sha1": "4b3b09ea928c0015d29b53e070645fd4d84fddeb",
            "title": "Ubuntu",
            "show_author": false
        }
    },
    {
        "pk": 8,
        "model": "inline_media.picture",
        "fields": {
            "uploaded": "2012-12-03T13:38:45.918",
            "picture": "pictures/2012/Dec/03/mozilla.png",
            "show_license": false,
            "description": "",
            "license": null,
            "author": "",
            "tags": "logo",
            "modified": "2012-12-03T13:38:47.712",
            "show_as_link": false,
            "sha1": "e5b17b47e8d22a86abec93fe24eb7a6f8d9a3f2c",
            "title": "Mozilla",
            "show_author": false
        }
    },
    {
        "pk": 9,
        "model": "inline_media.picture",
        "fields": {
            "uploaded": "2012-12-03T13:39:15.808",
            "picture": "pictures/2012/Dec/03/django-logo-positive.png",
            "show_license": false,
            "description": "<a href=\"https://www.djangoproject.com/\">The Web Framework for perfectionists with deadlines</a>",
            "license": null,
            "author": "",
            "tags": "logo",
            "modified": "2012-12-03T13:39:15.808",
            "show_as_link": true,
            "sha1": "53c1255abfd932a1b81ab0a4d40d0aebc25c0659",
            "title": "Django",
            "show_author": false
        }
    },
    {
        "pk": 10,
        "model": "inline_media.picture",
        "fields": {
            "uploaded": "2012-12-03T13:39:36.933",
            "picture": "pictures/2012/Dec/03/HTML5_sticker.png",
            "show_license": false,
            "description": "",
            "license": null,
            "author": "",
            "tags": "",
            "modified": "2012-12-03T13:39:36.933",
            "show_as_link": true,
            "sha1": "64a1285ebc271244c26dea330971ccfd177cc38f",
            "title": "HTML5 - The future in my browser",
            "show_author": false
        }
    },
    {
        "pk": 11,
        "model": "inline_media.picture",
        "fields": {
            "uploaded": "2012-12-03T13:39:58.306",
            "picture": "pictures/2012/Dec/03/HTML5_1Color_Black.png",
            "show_license": false,
            "description": "",
            "license": null,
            "author": "",
            "tags": "logo",
            "modified": "2012-12-03T13:39:58.306",
            "show_as_link": true,
            "sha1": "2613c1fab0da82aebfc0f544d7635a20313b66b2",
            "title": "HTML5",
            "show_author": false
        }
    },
    {
        "pk": 12,
        "model": "inline_media.picture",
        "fields": {
            "uploaded": "2012-12-03T13:40:41.757",
            "picture": "pictures/2012/Dec/03/samsung_galaxy_s3_android_smartphone_1.jpg",
            "show_license": false,
            "description": "",
            "license": null,
            "author": "",
            "tags": "android phone",
            "modified": "2012-12-03T13:40:41.757",
            "show_as_link": true,
            "sha1": "ca669847cba0f2e0d4c29e9d423c1c9b16adfc9f",
            "title": "Samsung Galaxy III",
            "show_author": false
        }
    },
    {
        "pk": 13,
        "model": "inline_media.picture",
        "fields": {
            "uploaded": "2012-12-03T13:41:32.399",
            "picture": "pictures/2012/Dec/03/for-slider-01.jpg",
            "show_license": false,
            "description": "",
            "license": null,
            "author": "danirus",
            "tags": "photo",
            "modified": "2012-12-03T14:11:35.997",
            "show_as_link": true,
            "sha1": "fd8f64982e32f7feb68a1285b89a38f2d719e430",
            "title": "Tegernsee",
            "show_author": false
        }
    },
    {
        "pk": 14,
        "model": "inline_media.picture",
        "fields": {
            "uploaded": "2012-12-03T13:42:02.598",
            "picture": "pictures/2012/Dec/03/for-slider-02.jpg",
            "show_license": false,
            "description": "",
            "license": null,
            "author": "danirus",
            "tags": "photo",
            "modified": "2012-12-03T14:11:39.533",
            "show_as_link": true,
            "sha1": "db9687b9baa7b46d9f49957613c6d4dd0f46f77c",
            "title": "Leuven in Winter",
            "show_author": false
        }
    },
    {
        "pk": 15,
        "model": "inline_media.picture",
        "fields": {
            "uploaded": "2012-12-03T13:42:31.647",
            "picture": "pictures/2012/Dec/03/for-slider-03.jpg",
            "show_license": false,
            "description": "",
            "license": null,
            "author": "danirus",
            "tags": "photo",
            "modified": "2012-12-03T14:11:43.605",
            "show_as_link": true,
            "sha1": "34920e2a89558d4eaa9a9f12a048da7e26777e51",
            "title": "Alpen Webs",
            "show_author": false
        }
    },
    {
        "pk": 16,
        "model": "inline_media.picture",
        "fields": {
            "uploaded": "2012-12-03T13:43:09.241",
            "picture": "pictures/2012/Dec/03/for-slider-04.jpg",
            "show_license": false,
            "description": "",
            "license": null,
            "author": "danirus",
            "tags": "photo",
            "modified": "2012-12-03T14:11:48.131",
            "show_as_link": true,
            "sha1": "0ff75202e4f58e542e2a5331f83b638a0b0e5d04",
            "title": "Solitude in Salzburg",
            "show_author": false
        }
    },
    {
        "pk": 17,
        "model": "inline_media.picture",
        "fields": {
            "uploaded": "2012-12-03T13:43:31.329",
            "picture": "pictures/2012/Dec/03/for-slider-05.jpg",
            "show_license": false,
            "description": "",
            "license": null,
            "author": "cortiz",
            "tags": "photo",
            "modified": "2012-12-03T14:11:51.116",
            "show_as_link": true,
            "sha1": "548c270163507008a7dd61e2d35d2bdeb1cadd49",
            "title": "San Sebastian Beach",
            "show_author": false
        }
    },
    {
        "pk": 18,
        "model": "inline_media.picture",
        "fields": {
            "uploaded": "2012-12-03T13:43:56.342",
            "picture": "pictures/2012/Dec/03/for-slider-06.jpg",
            "show_license": false,
            "description": "",
            "license": null,
            "author": "danirus",
            "tags": "photo",
            "modified": "2012-12-03T14:11:54.525",
            "show_as_link": true,
            "sha1": "e6301098fe05a45628eb9481118166389c1ed7ef",
            "title": "Menorca",
            "show_author": false
        }
    },
    {
        "pk": 23,
        "model": "tagging.tag",
        "fields": {
            "name": "ancient"
        }
    },
    {
        "pk": 4,
        "model": "tagging.tag",
        "fields": {
            "name": "android"
        }
    },
    {
        "pk": 21,
        "model": "tagging.tag",
        "fields": {
            "name": "apple"
        }
    },
    {
        "pk": 22,
        "model": "tagging.tag",
        "fields": {
            "name": "banana"
        }
    },
    {
        "pk": 8,
        "model": "tagging.tag",
        "fields": {
            "name": "bar"
        }
    },
    {
        "pk": 15,
        "model": "tagging.tag",
        "fields": {
            "name": "bazaar"
        }
    },
    {
        "pk": 9,
        "model": "tagging.tag",
        "fields": {
            "name": "bogus"
        }
    },
    {
        "pk": 19,
        "model": "tagging.tag",
        "fields": {
            "name": "bullshit"
        }
    },
    {
        "pk": 1,
        "model": "tagging.tag",
        "fields": {
            "name": "comic"
        }
    },
    {
        "pk": 13,
        "model": "tagging.tag",
        "fields": {
            "name": "coolstuff"
        }
    },
    {
        "pk": 2,
        "model": "tagging.tag",
        "fields": {
            "name": "creative-commons"
        }
    },
    {
        "pk": 28,
        "model": "tagging.tag",
        "fields": {
            "name": "django"
        }
    },
    {
        "pk": 10,
        "model": "tagging.tag",
        "fields": {
            "name": "foo"
        }
    },
    {
        "pk": 24,
        "model": "tagging.tag",
        "fields": {
            "name": "history"
        }
    },
    {
        "pk": 26,
        "model": "tagging.tag",
        "fields": {
            "name": "html5"
        }
    },
    {
        "pk": 14,
        "model": "tagging.tag",
        "fields": {
            "name": "linux"
        }
    },
    {
        "pk": 3,
        "model": "tagging.tag",
        "fields": {
            "name": "logo"
        }
    },
    {
        "pk": 20,
        "model": "tagging.tag",
        "fields": {
            "name": "lunatics"
        }
    },
    {
        "pk": 25,
        "model": "tagging.tag",
        "fields": {
            "name": "microsoft"
        }
    },
    {
        "pk": 30,
        "model": "tagging.tag",
        "fields": {
            "name": "mozilla"
        }
    },
    {
        "pk": 11,
        "model": "tagging.tag",
        "fields": {
            "name": "nexus"
        }
    },
    {
        "pk": 5,
        "model": "tagging.tag",
        "fields": {
            "name": "phone"
        }
    },
    {
        "pk": 6,
        "model": "tagging.tag",
        "fields": {
            "name": "photo"
        }
    },
    {
        "pk": 7,
        "model": "tagging.tag",
        "fields": {
            "name": "photos"
        }
    },
    {
        "pk": 27,
        "model": "tagging.tag",
        "fields": {
            "name": "python"
        }
    },
    {
        "pk": 31,
        "model": "tagging.tag",
        "fields": {
            "name": "standards"
        }
    },
    {
        "pk": 17,
        "model": "tagging.tag",
        "fields": {
            "name": "supertrooper"
        }
    },
    {
        "pk": 12,
        "model": "tagging.tag",
        "fields": {
            "name": "tablet"
        }
    },
    {
        "pk": 16,
        "model": "tagging.tag",
        "fields": {
            "name": "tralara"
        }
    },
    {
        "pk": 18,
        "model": "tagging.tag",
        "fields": {
            "name": "ubuntu"
        }
    },
    {
        "pk": 29,
        "model": "tagging.tag",
        "fields": {
            "name": "web"
        }
    },
    {
        "pk": 1,
        "model": "tagging.taggeditem",
        "fields": {
            "tag": 1,
            "object_id": 1,
            "content_type": 12
        }
    },
    {
        "pk": 2,
        "model": "tagging.taggeditem",
        "fields": {
            "tag": 2,
            "object_id": 2,
            "content_type": 12
        }
    },
    {
        "pk": 3,
        "model": "tagging.taggeditem",
        "fields": {
            "tag": 3,
            "object_id": 2,
            "content_type": 12
        }
    },
    {
        "pk": 4,
        "model": "tagging.taggeditem",
        "fields": {
            "tag": 2,
            "object_id": 3,
            "content_type": 12
        }
    },
    {
        "pk": 5,
        "model": "tagging.taggeditem",
        "fields": {
            "tag": 3,
            "object_id": 3,
            "content_type": 12
        }
    },
    {
        "pk": 6,
        "model": "tagging.taggeditem",
        "fields": {
            "tag": 2,
            "object_id": 4,
            "content_type": 12
        }
    },
    {
        "pk": 7,
        "model": "tagging.taggeditem",
        "fields": {
            "tag": 3,
            "object_id": 4,
            "content_type": 12
        }
    },
    {
        "pk": 8,
        "model": "tagging.taggeditem",
        "fields": {
            "tag": 2,
            "object_id": 5,
            "content_type": 12
        }
    },
    {
        "pk": 9,
        "model": "tagging.taggeditem",
        "fields": {
            "tag": 2,
            "object_id": 6,
            "content_type": 12
        }
    },
    {
        "pk": 10,
        "model": "tagging.taggeditem",
        "fields": {
            "tag": 3,
            "object_id": 6,
            "content_type": 12
        }
    },
    {
        "pk": 11,
        "model": "tagging.taggeditem",
        "fields": {
            "tag": 2,
            "object_id": 7,
            "content_type": 12
        }
    },
    {
        "pk": 12,
        "model": "tagging.taggeditem",
        "fields": {
            "tag": 3,
            "object_id": 7,
            "content_type": 12
        }
    },
    {
        "pk": 13,
        "model": "tagging.taggeditem",
        "fields": {
            "tag": 3,
            "object_id": 8,
            "content_type": 12
        }
    },
    {
        "pk": 14,
        "model": "tagging.taggeditem",
        "fields": {
            "tag": 3,
            "object_id": 9,
            "content_type": 12
        }
    },
    {
        "pk": 15,
        "model": "tagging.taggeditem",
        "fields": {
            "tag": 3,
            "object_id": 11,
            "content_type": 12
        }
    },
    {
        "pk": 16,
        "model": "tagging.taggeditem",
        "fields": {
            "tag": 4,
            "object_id": 12,
            "content_type": 12
        }
    },
    {
        "pk": 17,
        "model": "tagging.taggeditem",
        "fields": {
            "tag": 5,
            "object_id": 12,
            "content_type": 12
        }
    },
    {
        "pk": 18,
        "model": "tagging.taggeditem",
        "fields": {
            "tag": 6,
            "object_id": 13,
            "content_type": 12
        }
    },
    {
        "pk": 19,
        "model": "tagging.taggeditem",
        "fields": {
            "tag": 6,
            "object_id": 14,
            "content_type": 12
        }
    },
    {
        "pk": 20,
        "model": "tagging.taggeditem",
        "fields": {
            "tag": 6,
            "object_id": 15,
            "content_type": 12
        }
    },
    {
        "pk": 21,
        "model": "tagging.taggeditem",
        "fields": {
            "tag": 6,
            "object_id": 16,
            "content_type": 12
        }
    },
    {
        "pk": 22,
        "model": "tagging.taggeditem",
        "fields": {
            "tag": 6,
            "object_id": 17,
            "content_type": 12
        }
    },
    {
        "pk": 23,
        "model": "tagging.taggeditem",
        "fields": {
            "tag": 6,
            "object_id": 18,
            "content_type": 12
        }
    },
    {
        "pk": 24,
        "model": "tagging.taggeditem",
        "fields": {
            "tag": 7,
            "object_id": 1,
            "content_type": 13
        }
    },
    {
        "pk": 25,
        "model": "tagging.taggeditem",
        "fields": {
            "tag": 4,
            "object_id": 1,
            "content_type": 21
        }
    },
    {
        "pk": 26,
        "model": "tagging.taggeditem",
        "fields": {
            "tag": 8,
            "object_id": 1,
            "content_type": 21
        }
    },
    {
        "pk": 27,
        "model": "tagging.taggeditem",
        "fields": {
            "tag": 9,
            "object_id": 1,
            "content_type": 21
        }
    },
    {
        "pk": 28,
        "model": "tagging.taggeditem",
        "fields": {
            "tag": 10,
            "object_id": 1,
            "content_type": 21
        }
    },
    {
        "pk": 29,
        "model": "tagging.taggeditem",
        "fields": {
            "tag": 11,
            "object_id": 1,
            "content_type": 21
        }
    },
    {
        "pk": 30,
        "model": "tagging.taggeditem",
        "fields": {
            "tag": 12,
            "object_id": 1,
            "content_type": 21
        }
    },
    {
        "pk": 31,
        "model": "tagging.taggeditem",
        "fields": {
            "tag": 4,
            "object_id": 2,
            "content_type": 21
        }
    },
    {
        "pk": 32,
        "model": "tagging.taggeditem",
        "fields": {
            "tag": 13,
            "object_id": 2,
            "content_type": 21
        }
    },
    {
        "pk": 33,
        "model": "tagging.taggeditem",
        "fields": {
            "tag": 14,
            "object_id": 2,
            "content_type": 21
        }
    },
    {
        "pk": 34,
        "model": "tagging.taggeditem",
        "fields": {
            "tag": 15,
            "object_id": 3,
            "content_type": 21
        }
    },
    {
        "pk": 35,
        "model": "tagging.taggeditem",
        "fields": {
            "tag": 10,
            "object_id": 3,
            "content_type": 21
        }
    },
    {
        "pk": 36,
        "model": "tagging.taggeditem",
        "fields": {
            "tag": 16,
            "object_id": 3,
            "content_type": 21
        }
    },
    {
        "pk": 37,
        "model": "tagging.taggeditem",
        "fields": {
            "tag": 14,
            "object_id": 4,
            "content_type": 21
        }
    },
    {
        "pk": 38,
        "model": "tagging.taggeditem",
        "fields": {
            "tag": 17,
            "object_id": 4,
            "content_type": 21
        }
    },
    {
        "pk": 39,
        "model": "tagging.taggeditem",
        "fields": {
            "tag": 18,
            "object_id": 4,
            "content_type": 21
        }
    },
    {
        "pk": 40,
        "model": "tagging.taggeditem",
        "fields": {
            "tag": 19,
            "object_id": 5,
            "content_type": 21
        }
    },
    {
        "pk": 41,
        "model": "tagging.taggeditem",
        "fields": {
            "tag": 20,
            "object_id": 5,
            "content_type": 21
        }
    },
    {
        "pk": 42,
        "model": "tagging.taggeditem",
        "fields": {
            "tag": 21,
            "object_id": 6,
            "content_type": 21
        }
    },
    {
        "pk": 43,
        "model": "tagging.taggeditem",
        "fields": {
            "tag": 22,
            "object_id": 6,
            "content_type": 21
        }
    },
    {
        "pk": 44,
        "model": "tagging.taggeditem",
        "fields": {
            "tag": 23,
            "object_id": 7,
            "content_type": 21
        }
    },
    {
        "pk": 45,
        "model": "tagging.taggeditem",
        "fields": {
            "tag": 24,
            "object_id": 7,
            "content_type": 21
        }
    },
    {
        "pk": 46,
        "model": "tagging.taggeditem",
        "fields": {
            "tag": 25,
            "object_id": 7,
            "content_type": 21
        }
    },
    {
        "pk": 47,
        "model": "tagging.taggeditem",
        "fields": {
            "tag": 26,
            "object_id": 8,
            "content_type": 21
        }
    },
    {
        "pk": 48,
        "model": "tagging.taggeditem",
        "fields": {
            "tag": 27,
            "object_id": 9,
            "content_type": 21
        }
    },
    {
        "pk": 49,
        "model": "tagging.taggeditem",
        "fields": {
            "tag": 28,
            "object_id": 10,
            "content_type": 21
        }
    },
    {
        "pk": 50,
        "model": "tagging.taggeditem",
        "fields": {
            "tag": 27,
            "object_id": 10,
            "content_type": 21
        }
    },
    {
        "pk": 51,
        "model": "tagging.taggeditem",
        "fields": {
            "tag": 29,
            "object_id": 10,
            "content_type": 21
        }
    },
    {
        "pk": 52,
        "model": "tagging.taggeditem",
        "fields": {
            "tag": 30,
            "object_id": 11,
            "content_type": 21
        }
    },
    {
        "pk": 53,
        "model": "tagging.taggeditem",
        "fields": {
            "tag": 31,
            "object_id": 11,
            "content_type": 21
        }
    },
    {
        "pk": 54,
        "model": "tagging.taggeditem",
        "fields": {
            "tag": 29,
            "object_id": 11,
            "content_type": 21
        }
    }
]